Game,M-4,M-3,M-2,M-1,Launch Month,M1,M2,M3,M4,Genre
Diablo IV,0.024,0.177,0.015,0.13,1,0.052,0.017,0.006,0.015,Role Playing
Hogwarts Legacy,0.003,0.005,0.019,0.146,1,0.069,0.008,0.007,0.003,Role Playing
Cyberpunk 2077,0.003,0.008,0.031,0.064,1,0.154,0.043,0.035,0.036,Role Playing
Battlefield 2042,0.033,0.067,0.075,0.296,1,0.235,0.09,0.046,0.002,Shooter
Call of Duty: Vanguard,0,0.079,0.153,0.075,1,0.197,0.162,0.183,0.032,Shooter
Elden Ring,0,0.032,0.012,0.067,1,0.66,0.144,0.062,0.037,Role Playing
Marvel's Spider-Man Remastered,0,0,0,0.136,1,0.142,0.046,0.056,0.051,Adventure
New World,0.003,0.004,0.338,0.037,1,0.697,0.03,0.01,0.011,Role Playing
Starfield,0,0.031,0.02,0.337,1,0.045,0.012,0.013,0.007,Role Playing
Need for Speed Unbound,0,0,0.053,0.219,1,0.113,0.031,0.015,0.017,Racing
Black Myth: Wukong,0,0,0.021,0.014,1,0,0,0,0,Role Playing
EA Sports FC 24,0,0,0.095,0.2,1,0.413,0.063,0.094,0.095,Sports
Dying Light 2,0,0,0.01,0.099,1,0.046,0.026,0.024,0.022,Adventure
Helldivers 2,0,0,0,0.008,1,0.381,0.113,0.042,0.019,Shooter
Remnant II,0,0,0,0.05,1,0.636,0.02,0.058,0.116,Role Playing
LEGO Star Wars: The Skywalker Saga,0,0.016,0.012,0.113,1,0.072,0.055,0.028,0.014,Adventure
Far Cry 6,0,0,0,0.076,1,0.323,0.129,0.182,0.133,Shooter
Armored Core VI: Fires of Rubicon,0.03,0.013,0,0.035,1,0.187,0.01,0.019,0.025,Shooter
Forza Horizon 5,0,0.004,0.021,0.109,1,0.11,0.07,0.03,0.028,Racing
Mortal Kombat 1,0.024,0.025,0.031,0.104,1,0.263,0.065,0.077,0.021,Fighting
Payday 3,0,0.074,0.027,0.124,1,0.045,0.012,0.01,0.005,Shooter
Cities: Skylines II,0.1,0.063,0.029,0.087,1,0.248,0.091,0.061,0.047,Simulation
Ghost of Tsushima,0,0,0.047,0.028,1,0.513,0.126,0.092,0,Adventure
Call of Duty: Modern Warfare II/III/Warzone 2.0,0.056,0.014,0.037,0.321,1,5.585,1.897,0.651,0.351,Shooter
Stray,0,0,0,0.09,1,0.417,0.046,0.062,0.037,Adventure
Assassin's Creed: Mirage,0,0,0,0.067,1,0.198,0.228,0.099,0.062,Adventure
FIFA 22,0,0.007,0.071,0.445,1,0.406,0.246,0.25,0.244,Sports
Resident Evil Village,0.011,0.014,0.013,0.077,1,0.022,0.008,0.004,0.002,Adventure
OUTRIDERS,0,0.007,0.02,0.285,1,0.018,0.004,0.002,0.001,Shooter
Dragon's Dogma II,0.012,0.012,0.014,0.025,1,0.068,0.004,0.008,0.022,Role Playing
Resident Evil 4 (2023),0,0.013,0.013,0.028,1,0.249,0.04,0.013,0.011,Shooter
Guilty Gear -Strive-,0.064,0,0,0.039,1,0.226,0.123,0.047,0,Fighting
Monster Hunter Rise,0,0.026,0,0.037,1,0.061,0.071,0.03,0.071,Role Playing
The Callisto Protocol,0,0,0,0.189,1,0.247,0,0.003,0.005,Adventure
Back 4 Blood,0,0.019,0.197,0.014,1,0.083,0.024,0.046,0.016,Shooter
"Warhammer 40,000: Darktide",0,0,0.022,0.072,1,0.452,0.084,0.019,0.045,Shooter
Sonic Frontiers,0,0,0,0.055,1,0.301,0.064,0.049,0.01,Platformer
Mass Effect: Legendary Edition,0,0.066,0.024,0.051,1,0.15,0.051,0.016,0.012,Role Playing
Total War: Warhammer III,0,0.037,0.029,0.155,1,0.049,0,0.013,0.012,Strategy
Madden NFL 24,0,0,0,0.082,1,0.369,0.311,0.128,0.146,Sports
Returnal,0,0,0,0.106,1,0.224,0.092,0.055,0.028,Shooter
Persona 3 Reload,0,0,0,0.286,1,0.112,0.045,0.039,0.033,Role Playing
Marvel's Midnight Suns,0,0,0,0.151,1,0.71,0.453,0.021,0.14,Role Playing
Cult of the Lamb,0,0,0.015,0.027,1,0.222,0.074,0.054,0.076,Role Playing
God of War (2018),0,0.025,0,0.043,1,0.148,0.098,0.052,0.031,Adventure
RoboCop: Rogue City,0,0,0,0.219,1,0.246,0.209,0.052,0.117,Shooter
Farming Simulator 22,0.046,0.041,0.025,0.075,1,0.584,0.188,0.087,0.104,Simulation
Star Wars Jedi: Survivor,0.051,0.023,0.014,0.032,1,10.062,0.623,0.263,0.071,Adventure
Sifu,0,0,0,0.038,1,0.332,0.045,0.102,0.047,Fighting
The Last of Us Part I,0,0.06,0.066,0.072,1,3.525,0.498,0.212,0.244,Adventure
Dead Space (2023),0,0,0,0.022,1,0.439,0.374,0.139,0.258,Adventure
Humankind,0.033,0.044,0.08,0.022,1,0.111,0.025,0.02,0.023,Strategy
Marvel's Spider-Man: Miles Morales,0,0,0,0.057,1,1.123,0.411,0.232,0.053,Adventure
ICARUS,0.181,0.148,0.025,0.059,1,0.126,0.021,0.014,0.023,Adventure
WWE 2K24,0,0,0,0.201,1,0.406,0.081,0.121,0.14,Fighting
Nier,0,0,0,0.067,1,0.186,0.024,0.016,0,Adventure
Ratchet & Clank: Rift Apart,0,0,0,0.094,1,0.781,0.125,0,0.241,Adventure
Darkest Dungeon II,0,0,0,0,1,0.006,0.016,0.012,0,Role Playing
The Crew Motorfest,0,0,0.11,0,1,0.095,0.013,0.082,0.007,Racing
Street Fighter 6,0,0.021,0.026,0.183,1,0.314,0.128,0.032,0.027,Fighting
Days Gone,0,0,0,0.051,1,0.227,0.086,0.039,0.019,Adventure
The Texas Chain Saw Massacre,0,0,0,0.025,1,0.463,0.075,0.038,0.015,Adventure
Age of Empires IV,0,0,0.047,0.033,1,1.019,0.124,0.146,0.062,Strategy
Avatar: Frontiers of Pandora,0,0,0,0.073,1,0.22,0.026,0.077,0.002,Adventure
For The King II,0,0,0,0.311,1,0.104,0.066,0,0.11,Role Playing
Party Animals,0,0,0,0.055,1,1.124,0.366,0.299,0.155,Fighting
Nioh 2,0,0,0,0.08,1,0.318,0.122,0.019,0.018,Role Playing
Uncharted: Legacy of Thieves Collection,0,0,0,0.188,1,0.6,0.389,0.374,0.068,Adventure
Victoria 3,0,0,0.097,0.179,1,0.608,0.058,0.02,0,Strategy
Age of Wonders 4,0,0,0,0.094,1,0.062,0.087,0.025,0,Strategy
Hood: Outlaws & Legends,0,0,0,0.105,1,0,0,0,0,Role Playing
Expeditions: A Mudrunner Game,0,0,0,0.15,1,0.065,0.051,0.098,0,Simulation
Wo Long: Fallen Dynasty,0,0,0,0.211,1,0.214,0,0.034,0.042,Role Playing
Loop Hero,0,0,0,0.041,1,0.024,0.01,0.009,0.006,Role Playing
Persona 5 Strikers,0,0,0,0.096,1,0.51,0.066,0.017,0.018,Role Playing
Lords of the Fallen (2023),0,0,0,0.03,1,0.266,0.112,0.193,0.052,Role Playing
Pathfinder: Wrath of the Righteous,0,0,0,0.074,1,0.065,0.029,0.023,0.076,Role Playing
Naraka: Bladepoint,0,0,0.095,0,1,0.141,0.011,0.011,0.028,Battle Royale
Horizon Forbidden West,0,0,0.033,0.102,1,0.277,0.058,0.091,0.09,Adventure
Immortals Fenyx Rising,0,0,0,0.09,1,0.214,0.115,0.177,0.077,Adventure
Suicide Squad: Kill The Justice League,0,0,0,0.42,1,0.018,0.014,0.003,0,Adventure
EA SPORTS FIFA 23,0,0,0.034,0.206,1,21.227,2.757,3.171,1.292,Sports
F1 23,0,0,0,0.193,1,0.674,0.248,0.476,0.123,Racing
F1 2021,0,0,0,0.117,1,0.269,0.121,0.047,0.04,Racing
Tales of Arise,0,0,0,0.106,1,0.051,0.05,0.038,0.077,Role Playing
"Warhammer 40,000: Boltgun",0,0,0,0.058,1,0.504,0.359,0.094,0.084,Shooter
EA Sports WRC,0,0,0.249,0.539,1,0.441,0,0.058,0.186,Racing
Evil Genius 2: World Domination,0,0,0,0.113,1,0.68,0,0,0,Strategy
Shin Megami Tensei V,0,0,0.103,0.088,1,0.06,0.017,0,0,Role Playing
STAR OCEAN THE SECOND STORY R,0,0,0,0.106,1,0.047,0.043,0,0.099,Role Playing
Company of Heroes 3,0,0,0,0,1,0.408,0,0.008,0.014,Strategy
Jurassic World Evolution 2,0,0,0,0.115,1,0.227,0.158,0.102,0.07,Simulation
Crisis Core: Final Fantasy VII - Reunion,0,0.05,0,0,1,0.203,0.036,0.024,0.01,Role Playing
Lies Of P,0,0.035,0,0.044,1,0.45,0.349,0.467,0.269,Adventure
Pacific Drive,0,0,0,0.252,1,3.062,0.62,0.298,0.28,Adventure
Diablo II: Resurrected,0.014,0.044,0.032,0.22,1,9.349,2.801,2.174,2.923,Role Playing
Dungeons & Dragons: Dark Alliance,0,0,0,0.078,1,0.267,0,0,0,Role Playing
Swords of Legends Online,0,0.047,0.238,0.079,1,0.028,0,0,0,Role Playing
Orcs Must Die! 3,0,0,0,0.105,1,0.565,0,0.014,0.02,Strategy
JoJo's Bizarre Adventure: All-Star Battle R,0,0,0,0.205,1,0.021,0.01,0.013,0.011,Fighting
The Jackbox Party Pack 8,0,0,0,0.166,1,0.4,0.235,0.25,0.149,Arcade
Life is Strange: True Colors,0,0,0,0,1,0.074,0.027,0.054,0.067,Adventure
Endless Dungeon,0,0,0,0,1,0.096,0,0,0,Role Playing
Skull and Bones,0,0,0.07,0,1,0.333,0,0.117,0.123,Adventure
F1 22,0,0.057,0.116,0.361,1,0.152,0.074,0.078,0.096,Racing
Redfall,0,0,0,0.322,1,0,0,0,0,Shooter
Killer Klowns from Outer Space: The Game,0,0,0,0.393,1,0.035,0,0,0,Adventure
Little Nightmares II,0,0,0,0.065,1,0.513,0.339,0.196,0.257,Platformer
Persona 4 Arena Ultimax,0,0.178,0,0,1,0.112,0.021,0.069,0.061,Fighting
Super Monkey Ball Banana Mania,0,0,0,0.203,1,0.042,0.017,0.048,0,Platformer
F1 24,0,0,0,0.19,1,2.435,0.59,0.175,0,Racing
Chivalry 2,0,0,0.137,0.071,1,0.71,3.767,1.595,0.051,Fighting
Chrono Cross: The Radical Dreamers Edition,0,0,0.156,0.344,1,0.05,0,0,0,Role Playing
Train Sim World 4,0,0,0,0.238,1,1.18,0.644,0.369,0.245,Simulation
NBA 2K24,0,0,0,0.142,1,0.047,0.168,0.222,0.151,Sports
Star Wars: Bounty Hunter (2024),0,0,0,0.223,1,0,0,0,0,Shooter
SMITE 2,0.483,0.292,0.022,0,1,0,0,0,0,Battle Arena
Death's Door,0,0,0,0.06,1,0.425,0.042,0.071,0.052,Adventure
Total War: Rome Remastered,0,0,0,0.35,1,0.834,0.026,0,0,Strategy
Return to Monkey Island,0,0,0,0.102,1,0.518,0.006,0.005,0.043,Adventure
Total War: Pharaoh,0,0,0,0.244,1,0,0.241,0.364,0,Strategy
The Jackbox Party Pack 9,0,0,0,0.132,1,0.759,0.809,0.434,0.218,Arcade
Eastward,0,0,0,0.173,1,0.095,0,0.023,0.156,Adventure
Train Sim World 3,0,0,0,0.317,1,0.141,0.127,0.283,0.116,Simulation
EA Sports PGA Tour,0,0,0,0.244,1,0.262,0,0,0,Sports
Against the Storm,0.073,0,0,0,1,0.769,1.303,0.455,0.497,Strategy
Super Mega Baseball 4,0,0,0,0.445,1,0.104,0,0,0,Sports
Dragon Ball: The Breakers,0,0,0.224,0.145,1,0.108,0.261,0.015,0.049,Adventure
Crime Boss: Rockay City,0,0.285,0,0,1,5.108,0,0.057,0.412,Shooter
Arcadegeddon,0,0,0,0,1,0,0,0,0,Shooter
Ooblets,0,0,0,0,1,0,0,0,0,Simulation
Vanguard Revenue Model,0,0,0,0,1,0.533,0.32,0.224,0.179,Shooter
